<?xml version="1.0" encoding="UTF-8" standalone="no"?>
<!--
 Copyright (c) 2019 SAP SE or an SAP affiliate company. All rights reserved.
--><!--
 All hybris buildcallbacks.xml macrodefinitions:
 
 Build/Documentation
 
	 before/after ant macro "clean"
		 <macrodef name="bookstorecore_before_clean"/>
		 <macrodef name="bookstorecore_after_clean"/>

	 before/after ant macro "build"
		 <macrodef name="bookstorecore_before_build"/>
		 <macrodef name="bookstorecore_after_build"/>

	 before/after ant macro "compile_core" - the core module of the extension
		 <macrodef name="bookstorecore_before_compile_core">
		 <macrodef name="bookstorecore_after_compile_core">

	 before/after ant macro "compile_web" - the web module of the extension
		 <macrodef name="bookstorecore_before_compile_web" />
		 <macrodef name="bookstorecore_after_compile_web" />
 
 Preparing extension
 
	 will be called in the beginning of the ant call and only once (also when using multiple 
	 ant targets e.g. ant build yunittest)
		 <macrodef name="bookstorecore_only_once_prepare"/>
 
 Creating ear module/production
 
	 before/after ant macro "ear"
		 <macrodef name="bookstorecore_before_ear"/>
		 <macrodef name="bookstorecore_after_ear"/>

	 before/after ant macro "production" - for hybris server only
		 <macrodef name="bookstorecore_before_production" />
		 <macrodef name="bookstorecore_after_production" />
 
 JUnit Test
 
	 before/after ant macro "yunitinit" 
		 <macrodef name="bookstorecore_before_yunitinit" />
		 <macrodef name="bookstorecore_after_yunitinit" />

	 before/after ant macro "yunit"
		 <macrodef name="bookstorecore_before_yunit" />
		 <macrodef name="bookstorecore_after_yunit" /> 

 Distribution package
 
	 before/after ant macro "dist" - internal target; only for use when platform is available in source code
		 <macrodef name="bookstorecore_after_dist"/>
		 <macrodef name="bookstorecore_before_dist"/>

	 before/after ant macro "dist_copy" - internal target; only for use when platform is available in source code
		 <macrodef name="bookstorecore_before_dist_copy"/>
		 <macrodef name="bookstorecore_after_dist_copy"/>

--><project name="bookstorecore_buildcallbacks">
    	
    <macrodef name="bookstorecore_after_build">
        		
        <sequential>
            			
            <impexGenerate extname="bookstorecore"/>
            		
        </sequential>
        	
    </macrodef>
    	
    <macrodef name="bookstorecore_clean_classpath_file">
        		
        <sequential>
            			
            <copy failonerror="true" file="${ext.bookstorecore.path}/.classpath" overwrite="true" tofile="${ext.bookstorecore.path}/.classpath.edit">
                				
                <filterchain>
                    					
                    <linecontainsregexp negate="true">
                        						
                        <regexp pattern="^(\t\t\t\t|)$"/>
                          
                        <!-- added by script -->
                        					
                    </linecontainsregexp>
                    				
                </filterchain>
                			
            </copy>
            			
            <move failonerror="true" file="${ext.bookstorecore.path}/.classpath.edit" overwrite="true" tofile="${ext.bookstorecore.path}/.classpath"/>
            		
        </sequential>
        	
    </macrodef>
    	
    <macrodef name="bookstorecore_after_clean">
        		
        <sequential>
            			
            <echo level="info" message="Generating .classpath file for bookstorecore"/>
            			
            <create_extension_classpath_file extname="bookstorecore"/>
            			
            <bookstorecore_clean_classpath_file/>
            			
            <delete failonerror="false" file="${ext.bookstorecore.path}/resources-lang/touch_impexgen"/>
            		
        </sequential>
        	
    </macrodef>
    	
	
    <!-- exclude impex files from localization -->
     
	
    <patternset id="bookstorecore.localization.pattern">
        		
        <patternset refid="localization.defaultpattern"/>
        		
        <exclude name="**/*.impex"/>
        	
    </patternset>
    	


</project>
