<?xml version="1.0" encoding="utf-8"?><testclasses><bookstorecore><testclass>my.bookstore.core.batch.task.BatchIntegrationTest</testclass><testclass>my.bookstore.core.externaltax.mock.MockCalculateExternalTaxesStrategy</testclass><testclass>my.bookstore.core.daos.impl.DefaultRentalDaoTest</testclass><testclass>my.bookstore.core.job.TicketsRetentionCronJobIntegrationTest</testclass><testclass>my.bookstore.core.retention.impl.DefaultCustomerCleanupRelatedObjectsActionTest</testclass><testclass>my.bookstore.core.services.impl.DefaultBookstoreCustomerAccountServiceTest</testclass><testclass>my.bookstore.core.job.OrdersRetentionCronJobIntegrationTest</testclass><testclass>my.bookstore.core.job.CustomersWithoutOrdersRetentionCronJobIntegrationTest</testclass><testclass>my.bookstore.core.comparators.VolumeAwarePriceInformationComparatorTest</testclass><testclass>my.bookstore.core.actions.quote.MarkQuoteNotificationAsSentActionTest</testclass><testclass>my.bookstore.core.suggestion.impl.DefaultSimpleSuggestionServiceTest</testclass><testclass>my.bookstore.core.integration.CheckoutWithExternalTaxesIntegrationTest</testclass><testclass>my.bookstore.core.job.QuoteToExpireSoonJobPerformableTest</testclass><testclass>my.bookstore.core.suggestion.DefaultSimpleSuggestionServiceIntegrationTest</testclass><testclass>my.bookstore.core.retention.impl.DefaultCSTicketStagnationActionTest</testclass><testclass>my.bookstore.core.job.CustomersWithOrdersRetentionCronJobIntegrationTest</testclass><testclass>my.bookstore.core.job.QuoteExpiredJobPerformableTest</testclass></bookstorecore></testclasses>