<?xml version="1.0" encoding="UTF-8" standalone="yes"?>
<!--
 Copyright (c) 2019 SAP SE or an SAP affiliate company. All rights reserved.
-->
<config xmlns="http://www.hybris.com/cockpit/config"
        xmlns:na="http://www.hybris.com/cockpitng/config/notifications"
        xmlns:wz="http://www.hybris.com/cockpitng/config/wizard-config">

    <context merge-by="module" component="editorareaactions" type="Consignment">
        <y:actions xmlns:y="http://www.hybris.com/cockpit/config/hybris">
            <y:group qualifier="common">
                <y:label>actiongroup.common</y:label>
                <y:action action-id="my.bookstore.backoffice.actions.confirmpickupaction" property="currentObject"/>
            </y:group>
        </y:actions>
    </context>

    <!-- Notification Area-->
    <context component="notification-area">
        <na:notification-area>
            <na:notifications eventType="bookstorebackoffice.confirmpickup.event" level="SUCCESS">
                <na:message>hmc.action.confirmpickup.success</na:message>
            </na:notifications>
        </na:notification-area>
    </context>

    <context merge-by="module" parent="auto" component="explorer-tree">
        <explorer-tree:explorer-tree xmlns:explorer-tree="http://www.hybris.com/cockpitng/config/explorertree">
            <explorer-tree:navigation-node id="bookstore">
                <explorer-tree:type-node code="Book" id="book_id"/>
                <explorer-tree:type-node code="Rental" id="rental_id"/>
                <explorer-tree:type-node code="RewardStatusLevelConfiguration" id="rewardStatusLevelConfiguration_id"/>
                <explorer-tree:type-node code="RewardStatusLevel" id="rewardStatusLevel_id"/>
            </explorer-tree:navigation-node>
        </explorer-tree:explorer-tree>
    </context>

    <context component="create-wizard" type="Product">
        <wz:flow id="ProductWizard" title="create.title(ctx.TYPE_CODE)">
            <wz:step id="step2" label="create.product.descriptions.label"
                     sublabel="create.product.descriptions.sublabel">
                <wz:content id="step2.content">
                    <wz:property-list root="newProduct">
                        <wz:property qualifier="name" type="java.lang.String"/>
                        <wz:property editor="com.hybris.cockpitng.editor.localized(com.hybris.cockpitng.editor.wysiwyg)"
                                     qualifier="description" type="java.lang.String"/>
                        <wz:property qualifier="rentable" type="java.lang.Boolean"/>
                    </wz:property-list>
                </wz:content>
            </wz:step>
        </wz:flow>
    </context>

    <context component="create-wizard" type="Book">
        <wz:flow id="BookWizard" title="create.title(ctx.TYPE_CODE)">
            <wz:handler handlerId="customDoneHandler" handlerBean="productMediaComposedFlowActionHandler">
                <wz:additionalParams key="handler:savePicture" value="mediaReferenceCreateHandler" />
                <wz:additionalParams key="savePicture:mediaProperty" value="newProduct.picture" />
                <wz:additionalParams key="savePicture:saveParentObject" value="true" />
                <wz:additionalParams key="savePicture:mediaContentProperty" value="createProductPicture" />
                <wz:additionalParams key="savePicture:mediaCodeExpression" value="newProduct.code+'_picture'" />
                <wz:additionalParams key="savePicture:catalogVersionProperty" value="newProduct.catalogVersion" />
                <wz:additionalParams key="savePicture:throwExceptionsOnError" value="true" />
                <wz:additionalParams key="handler:saveThumbnail" value="mediaReferenceCreateHandler" />
                <wz:additionalParams key="saveThumbnail:mediaProperty" value="newProduct.thumbnail" />
                <wz:additionalParams key="saveThumbnail:saveParentObject" value="true" />
                <wz:additionalParams key="saveThumbnail:mediaContentProperty" value="createProductThumbnail" />
                <wz:additionalParams key="saveThumbnail:mediaCodeExpression" value="newProduct.code+'_thumbnail'" />
                <wz:additionalParams key="saveThumbnail:catalogVersionProperty" value="newProduct.catalogVersion" />
                <wz:additionalParams key="saveThumbnail:throwExceptionsOnError" value="true" />
                <wz:additionalParams key="handler:saveLogos" value="multiMediaReferenceCreateHandler" />
                <wz:additionalParams key="saveLogos:mediaProperty" value="newProduct.logo" />
                <wz:additionalParams key="saveLogos:saveParentObject" value="true" />
                <wz:additionalParams key="saveLogos:mediaContentProperty" value="createProductLogos" />
                <wz:additionalParams key="saveLogos:mediaCodeExpression" value="newProduct.code+'_logo#'" />
                <wz:additionalParams key="saveLogos:catalogVersionProperty" value="newProduct.catalogVersion" />
                <wz:additionalParams key="saveLogos:throwExceptionsOnError" value="true" />
                <wz:additionalParams key="saveLogos:append" value="true" />
            </wz:handler>
            <wz:prepare id="productPrepare">
                <wz:initialize property="newProduct" type="ctx.TYPE_CODE"/>
                <wz:assign property="newProduct.code" value="ctx.code"/>
                <wz:assign property="newProduct.code" value="ctx?.actionContext?.code"/>
                <wz:assign property="newProduct.catalogVersion" value="ctx.catalogVersion"/>
                <wz:assign property="newProduct.catalogVersion" value="ctx?.actionContext?.catalogVersion"/>
                <wz:assign property="newProduct.supercategories" value="T(com.hybris.cockpitng.util.ListJoiner).join(newProduct.supercategories, ctx?.actionContext?.supercategories)"/>
            </wz:prepare>
            <wz:step id="step1" label="create.product.essential.label" sublabel="create.product.essential.sublabel">
                <wz:content id="step1.content">
                    <wz:property-list root="newProduct">
                        <wz:property qualifier="code" type="java.lang.String"/>
                        <wz:property qualifier="approvalStatus"/>
                        <wz:property qualifier="catalogVersion"/>
                    </wz:property-list>
                </wz:content>
                <wz:navigation id="step1.navigation">
                    <wz:cancel>
                        <wz:revert property="newProduct.picture" />
                        <wz:revert property="newProduct.thumbnail" />
                        <wz:revert property="newProduct.logo" />
                        <wz:revert property="newProduct" />
                    </wz:cancel>
                    <wz:next visible="!#empty(newProduct.code) and newProduct.catalogVersion != null"/>
                    <wz:custom visible="!#empty(newProduct.code) and newProduct.catalogVersion != null" label="com.hybris.cockpitng.widgets.configurableflow.flow.done"
                               composedHandler="customDoneHandler">
                        <wz:save property="newProduct"/>
                    </wz:custom>
                </wz:navigation>
            </wz:step>
            <wz:step id="step2" label="create.product.descriptions.label"
                     sublabel="create.product.descriptions.sublabel">
                <wz:content id="step2.content">
                    <wz:property-list root="newProduct">
                        <wz:property qualifier="name" type="java.lang.String"/>
                        <wz:property editor="com.hybris.cockpitng.editor.localized(com.hybris.cockpitng.editor.wysiwyg)"
                                     qualifier="description" type="java.lang.String"/>
                        <wz:property qualifier="rentable" type="java.lang.Boolean"/>
                        <wz:property qualifier="language" type="java.lang.String"/>
                        <wz:property qualifier="ISBN10" type="java.lang.String"/>
                        <wz:property qualifier="ISBN13" type="java.lang.String"/>
                        <wz:property qualifier="publisher" type="java.lang.String"/>
                    </wz:property-list>
                </wz:content>
                <wz:navigation id="step2.navigation">
                    <wz:cancel>
                        <wz:revert property="newProduct.picture" />
                        <wz:revert property="newProduct.thumbnail" />
                        <wz:revert property="newProduct.logo" />
                        <wz:revert property="newProduct" />
                    </wz:cancel>
                    <wz:back/>
                    <wz:next/>
                    <wz:custom label="com.hybris.cockpitng.widgets.configurableflow.flow.done" composedHandler="customDoneHandler">
                        <wz:save property="newProduct"/>
                    </wz:custom>
                </wz:navigation>
            </wz:step>
            <wz:step id="step3" label="create.product.categories.label" sublabel="create.product.categories.sublabel">
                <wz:info label="create.product.categories.info.label" position="top"/>
                <wz:content id="step3.content">
                    <wz:property qualifier="newProduct.supercategories"/>
                </wz:content>
                <wz:navigation id="step3.navigation">
                    <wz:cancel>
                        <wz:revert property="newProduct.picture" />
                        <wz:revert property="newProduct.thumbnail" />
                        <wz:revert property="newProduct.logo" />
                        <wz:revert property="newProduct" />
                    </wz:cancel>
                    <wz:back/>
                    <wz:next/>
                    <wz:custom label="com.hybris.cockpitng.widgets.configurableflow.flow.done" composedHandler="customDoneHandler">
                        <wz:save property="newProduct"/>
                    </wz:custom>
                </wz:navigation>
            </wz:step>
            <wz:step id="step4" label="create.product.media.label" sublabel="create.product.media.sublabel">
                <wz:info label="create.product.media.info.label" position="top"/>
                <wz:content id="step4.content">
                    <wz:property qualifier="newProduct.picture" validate="false"/>
                    <wz:property qualifier="createProductPicture" type="com.hybris.cockpitng.editor.defaultfileupload.FileUploadResult" editor="com.hybris.cockpitng.editor.dndfileupload" validate="false">
                        <wz:editor-parameter>
                            <wz:name>accept</wz:name>
                            <wz:value>image/*</wz:value>
                        </wz:editor-parameter>
                        <wz:editor-parameter>
                            <wz:name>singleLineMode</wz:name>
                            <wz:value>true</wz:value>
                        </wz:editor-parameter>
                    </wz:property>
                    <wz:property qualifier="newProduct.thumbnail" validate="false"/>
                    <wz:property qualifier="createProductThumbnail" type="com.hybris.cockpitng.editor.defaultfileupload.FileUploadResult" editor="com.hybris.cockpitng.editor.dndfileupload"  validate="false">
                        <wz:editor-parameter>
                            <wz:name>accept</wz:name>
                            <wz:value>image/*</wz:value>
                        </wz:editor-parameter>
                        <wz:editor-parameter>
                            <wz:name>singleLineMode</wz:name>
                            <wz:value>true</wz:value>
                        </wz:editor-parameter>
                    </wz:property>
                    <wz:property qualifier="newProduct.logo" validate="false"/>
                    <wz:property qualifier="createProductLogos" type="java.util.Collection" editor="com.hybris.cockpitng.editor.multidndfileupload" validate="false">
                        <wz:editor-parameter>
                            <wz:name>accept</wz:name>
                            <wz:value>image/*</wz:value>
                        </wz:editor-parameter>
                        <wz:editor-parameter>
                            <wz:name>singleLineMode</wz:name>
                            <wz:value>true</wz:value>
                        </wz:editor-parameter>
                    </wz:property>
                </wz:content>
                <wz:navigation id="step4.navigation">
                    <wz:cancel>
                        <wz:revert property="newProduct.picture" />
                        <wz:revert property="newProduct.thumbnail" />
                        <wz:revert property="newProduct.logo" />
                        <wz:revert property="newProduct" />
                    </wz:cancel>
                    <wz:back/>
                    <wz:custom label="com.hybris.cockpitng.widgets.configurableflow.flow.done" composedHandler="customDoneHandler">
                        <wz:save property="newProduct"/>
                    </wz:custom>
                </wz:navigation>
            </wz:step>
        </wz:flow>
    </context>

</config>
